{"noiseKey":{"private":{"type":"Buffer","data":"cPjA6eG4i6b7YcmHQ3RUlZ/xvIslM8acOQLuWd/ac0o="},"public":{"type":"Buffer","data":"yG3ejuj+lwGecFtE1463DJ/5rhrzrgWZkk55SDICIxg="}},"signedIdentityKey":{"private":{"type":"Buffer","data":"YM6T6ygK4Mp5yXaESjlQMjj1M8iDw50W00cnJPsXKHQ="},"public":{"type":"Buffer","data":"PT1qf8t9o9WO+6SNeOs4frOvTAXX4CP+LvnkmPqzpVs="}},"signedPreKey":{"keyPair":{"private":{"type":"Buffer","data":"OD2FDDhRCx++Wou5ipwiLN4cERp4tM/gILhV0brIIEU="},"public":{"type":"Buffer","data":"9hYW83rPPzZe3kaPrVygs+3Z7B10xyxnC3IduZ4WmDs="}},"signature":{"type":"Buffer","data":"ecAIrQsv3qyotEEEedGdPc6omKAF+EWBKMjDftqwJWU1cma+FAHg3FsELhqYXjaPZrsh1/o64aLqJ+afmP3Dgg=="},"keyId":1},"registrationId":86,"advSecretKey":"+0U3KPkWL6fzukRFiNMIZkLtnrpayNeHFgY0tcbrlKU=","processedHistoryMessages":[{"key":{"remoteJid":"919037376970@s.whatsapp.net","fromMe":true,"id":"888D9835B37E443A0D30DCB03B0AF632"},"messageTimestamp":1700753921}],"nextPreKeyId":61,"firstUnuploadedPreKeyId":61,"accountSyncCounter":1,"accountSettings":{"unarchiveChats":false},"deviceId":"HbvVgo1iRdmAyhhB87SkVQ","phoneId":"108c2ab1-1b70-485a-9093-ad5f6db03519","identityId":{"type":"Buffer","data":"9y4qIlf8BT3q3UbRp69QGVzOP6k="},"registered":false,"backupToken":{"type":"Buffer","data":"Ca6xzZpC5IYdiS9gjgBTScb5hgg="},"registration":{},"account":{"details":"CLzQhkEQ/OP9qgYYAQ==","accountSignatureKey":"7rM9PCn97/4f9ScR1PsfbEgdFqaeLtipLgHu76deJjs=","accountSignature":"syq9FTGLHZ2F2d3Z5S1l5cZw/Eoy72l0QixFnnCHeVkH7luoFM+vL7sAQkxrNSmcrb2wEmSRXrImpRryihYzBg==","deviceSignature":"lLyomQtph7+5pzRYFpvMkQ1l3AdT91+QhmAJ9vKTEFaX8rZBE75RTAENHyY7YzKX+LjmBzdjl8fTR4eLex9bgA=="},"me":{"id":"919037376970:9@s.whatsapp.net","name":"☺️☺️"},"signalIdentities":[{"identifier":{"name":"919037376970:9@s.whatsapp.net","deviceId":0},"identifierKey":{"type":"Buffer","data":"Be6zPTwp/e/+H/UnEdT7H2xIHRamni7YqS4B7u+nXiY7"}}],"platform":"android","lastAccountSyncTimestamp":1700753918,"myAppStateKeyId":"AAAAANFq"}