{"_sessions":{"BS6jnTam2l/mex6/wrqrzLlLeQttcXhIM13b/3vD5jZX":{"registrationId":1753488748,"currentRatchet":{"ephemeralKeyPair":{"pubKey":"BV5xcgSS4F0feIg/SHrS+XgVdQdEU0ArZ4onhaCchRx4","privKey":"wNYVV6bPiw35N/nnKlWcu4YNByFcvbTOrKKVIuD8nmk="},"lastRemoteEphemeralKey":"BTIoyIOJZopevZUpPJqFTSj9BgutQfv27ovPeazXDN4d","previousCounter":0,"rootKey":"2f4Ala4tqgVtVzGdf13M8HYOxG3BBuk181daCXtLpTs="},"indexInfo":{"baseKey":"BS6jnTam2l/mex6/wrqrzLlLeQttcXhIM13b/3vD5jZX","baseKeyType":2,"closed":-1,"used":1700753920061,"created":1700753920061,"remoteIdentityKey":"Be6zPTwp/e/+H/UnEdT7H2xIHRamni7YqS4B7u+nXiY7"},"_chains":{"BTIoyIOJZopevZUpPJqFTSj9BgutQfv27ovPeazXDN4d":{"chainKey":{"counter":3,"key":"xxE3fkVwPk2gGeJEX77YqoVAxr4PeYuEmhFxdDK09aI="},"chainType":2,"messageKeys":{}},"BV5xcgSS4F0feIg/SHrS+XgVdQdEU0ArZ4onhaCchRx4":{"chainKey":{"counter":3,"key":"x9ZtNh7OsVfG1EA7NFP6EKD1JLn8gWGi2vekFcxWzGU="},"chainType":1,"messageKeys":{}}}}},"version":"v1"}